{
    "name": "root",
    "gauges": {
        "BewakerAgent.Policy.Entropy.mean": {
            "value": 1.3992118835449219,
            "min": 1.3992118835449219,
            "max": 1.434152364730835,
            "count": 12
        },
        "BewakerAgent.Policy.Entropy.sum": {
            "value": 13992.119140625,
            "min": 13992.119140625,
            "max": 14341.5234375,
            "count": 12
        },
        "BewakerAgent.Step.mean": {
            "value": 119960.0,
            "min": 9960.0,
            "max": 119960.0,
            "count": 12
        },
        "BewakerAgent.Step.sum": {
            "value": 119960.0,
            "min": 9960.0,
            "max": 119960.0,
            "count": 12
        },
        "BewakerAgent.Policy.ExtrinsicValueEstimate.mean": {
            "value": -0.4356653094291687,
            "min": -0.4356653094291687,
            "max": -0.013616674579679966,
            "count": 12
        },
        "BewakerAgent.Policy.ExtrinsicValueEstimate.sum": {
            "value": -69.70645141601562,
            "min": -69.70645141601562,
            "max": -2.165051221847534,
            "count": 12
        },
        "BewakerAgent.Environment.EpisodeLength.mean": {
            "value": 999.0,
            "min": 999.0,
            "max": 999.0,
            "count": 12
        },
        "BewakerAgent.Environment.EpisodeLength.sum": {
            "value": 9990.0,
            "min": 9990.0,
            "max": 9990.0,
            "count": 12
        },
        "BewakerAgent.Environment.CumulativeReward.mean": {
            "value": -5.000000357627869,
            "min": -9.575000020861626,
            "max": -4.98000035583973,
            "count": 12
        },
        "BewakerAgent.Environment.CumulativeReward.sum": {
            "value": -50.00000357627869,
            "min": -95.75000020861626,
            "max": -49.80000355839729,
            "count": 12
        },
        "BewakerAgent.Policy.ExtrinsicReward.mean": {
            "value": -5.000000357627869,
            "min": -9.575000020861626,
            "max": -4.98000035583973,
            "count": 12
        },
        "BewakerAgent.Policy.ExtrinsicReward.sum": {
            "value": -50.00000357627869,
            "min": -95.75000020861626,
            "max": -49.80000355839729,
            "count": 12
        },
        "BewakerAgent.Losses.PolicyLoss.mean": {
            "value": 0.06729894464272851,
            "min": 0.06333958535493972,
            "max": 0.07393267418568333,
            "count": 12
        },
        "BewakerAgent.Losses.PolicyLoss.sum": {
            "value": 0.33649472321364254,
            "min": 0.27447509753983473,
            "max": 0.36966337092841667,
            "count": 12
        },
        "BewakerAgent.Losses.ValueLoss.mean": {
            "value": 8.158715568242769e-05,
            "min": 8.158715568242769e-05,
            "max": 0.041181714692841834,
            "count": 12
        },
        "BewakerAgent.Losses.ValueLoss.sum": {
            "value": 0.0004079357784121384,
            "min": 0.0004079357784121384,
            "max": 0.20590857346420915,
            "count": 12
        },
        "BewakerAgent.Policy.LearningRate.mean": {
            "value": 0.00023057762314079999,
            "min": 0.00023057762314079999,
            "max": 0.00029690400103199997,
            "count": 12
        },
        "BewakerAgent.Policy.LearningRate.sum": {
            "value": 0.001152888115704,
            "min": 0.0010437936520687999,
            "max": 0.0014566560144479998,
            "count": 12
        },
        "BewakerAgent.Policy.Epsilon.mean": {
            "value": 0.17685920000000002,
            "min": 0.17685920000000002,
            "max": 0.198968,
            "count": 12
        },
        "BewakerAgent.Policy.Epsilon.sum": {
            "value": 0.8842960000000001,
            "min": 0.7479312,
            "max": 0.9855520000000001,
            "count": 12
        },
        "BewakerAgent.Policy.Beta.mean": {
            "value": 0.005,
            "min": 0.005,
            "max": 0.005,
            "count": 12
        },
        "BewakerAgent.Policy.Beta.sum": {
            "value": 0.025,
            "min": 0.02,
            "max": 0.025,
            "count": 12
        },
        "BewakerAgent.IsTraining.mean": {
            "value": 1.0,
            "min": 1.0,
            "max": 1.0,
            "count": 12
        },
        "BewakerAgent.IsTraining.sum": {
            "value": 1.0,
            "min": 1.0,
            "max": 1.0,
            "count": 12
        }
    },
    "metadata": {
        "timer_format_version": "0.1.0",
        "start_time_seconds": "1778010233",
        "python_version": "3.9.25 (main, Nov  3 2025, 22:44:01) [MSC v.1929 64 bit (AMD64)]",
        "command_line_arguments": "C:\\Users\\vande\\anaconda3\\envs\\mlagents2\\Scripts\\mlagents-learn config/BewakerAgent.yaml --run-id=Guard_Phase1_v1",
        "mlagents_version": "0.30.0",
        "mlagents_envs_version": "0.30.0",
        "communication_protocol_version": "1.5.0",
        "pytorch_version": "1.7.1+cpu",
        "numpy_version": "1.21.2",
        "end_time_seconds": "1778011512"
    },
    "total": 1278.9954622,
    "count": 1,
    "self": 0.008934799999906318,
    "children": {
        "run_training.setup": {
            "total": 0.1762283,
            "count": 1,
            "self": 0.1762283
        },
        "TrainerController.start_learning": {
            "total": 1278.8102991,
            "count": 1,
            "self": 3.503679200000988,
            "children": {
                "TrainerController._reset_env": {
                    "total": 12.1937407,
                    "count": 1,
                    "self": 12.1937407
                },
                "TrainerController.advance": {
                    "total": 1262.964231299999,
                    "count": 129277,
                    "self": 3.3584974999848782,
                    "children": {
                        "env_step": {
                            "total": 1190.4700843000253,
                            "count": 129277,
                            "self": 1044.2310764000201,
                            "children": {
                                "SubprocessEnvManager._take_step": {
                                    "total": 144.1366459999893,
                                    "count": 129277,
                                    "self": 10.120614899967848,
                                    "children": {
                                        "TorchPolicy.evaluate": {
                                            "total": 134.01603110002145,
                                            "count": 129277,
                                            "self": 134.01603110002145
                                        }
                                    }
                                },
                                "workers": {
                                    "total": 2.102361900015847,
                                    "count": 129276,
                                    "self": 0.0,
                                    "children": {
                                        "worker_root": {
                                            "total": 1198.8430857000035,
                                            "count": 129276,
                                            "is_parallel": true,
                                            "self": 367.2586646000053,
                                            "children": {
                                                "steps_from_proto": {
                                                    "total": 0.003738299999998418,
                                                    "count": 1,
                                                    "is_parallel": true,
                                                    "self": 0.00020449999999705426,