{
    "name": "root",
    "gauges": {
        "BewakerAgent.Policy.Entropy.mean": {
            "value": 1.3792870044708252,
            "min": 1.3782672882080078,
            "max": 1.415162444114685,
            "count": 50
        },
        "BewakerAgent.Policy.Entropy.sum": {
            "value": 13726.6640625,
            "min": 13718.0087890625,
            "max": 14491.263671875,
            "count": 50
        },
        "BewakerAgent.Step.mean": {
            "value": 499936.0,
            "min": 9984.0,
            "max": 499936.0,
            "count": 50
        },
        "BewakerAgent.Step.sum": {
            "value": 499936.0,
            "min": 9984.0,
            "max": 499936.0,
            "count": 50
        },
        "BewakerAgent.Policy.ExtrinsicValueEstimate.mean": {
            "value": 0.09362760931253433,
            "min": -0.2288290560245514,
            "max": 0.1599370539188385,
            "count": 50
        },
        "BewakerAgent.Policy.ExtrinsicValueEstimate.sum": {
            "value": 14.60590648651123,
            "min": -35.92616271972656,
            "max": 24.950180053710938,
            "count": 50
        },
        "BewakerAgent.Losses.PolicyLoss.mean": {
            "value": 0.06668277420643778,
            "min": 0.059857225444899326,
            "max": 0.07536593112335713,
            "count": 50
        },
        "BewakerAgent.Losses.PolicyLoss.sum": {
            "value": 0.26673109682575113,
            "min": 0.2394289017795973,
            "max": 0.3728090939132298,
            "count": 50
        },
        "BewakerAgent.Losses.ValueLoss.mean": {
            "value": 0.01487031648422983,
            "min": 0.0048621055030749405,
            "max": 0.01657788310106641,
            "count": 50
        },
        "BewakerAgent.Losses.ValueLoss.sum": {
            "value": 0.05948126593691932,
            "min": 0.019448422012299762,
            "max": 0.08288941550533205,
            "count": 50
        },
        "BewakerAgent.Policy.LearningRate.mean": {
            "value": 2.8752990416000026e-06,
            "min": 2.8752990416000026e-06,
            "max": 0.000296544001152,
            "count": 50
        },
        "BewakerAgent.Policy.LearningRate.sum": {
            "value": 1.150119616640001e-05,
            "min": 1.150119616640001e-05,
            "max": 0.0014241216252928,
            "count": 50
        },
        "BewakerAgent.Policy.Epsilon.mean": {
            "value": 0.10095840000000002,
            "min": 0.10095840000000002,
            "max": 0.19884800000000002,
            "count": 50
        },
        "BewakerAgent.Policy.Epsilon.sum": {
            "value": 0.40383360000000007,
            "min": 0.40383360000000007,
            "max": 0.9747072,
            "count": 50
        },
        "BewakerAgent.Policy.Beta.mean": {
            "value": 0.01,
            "min": 0.01,
            "max": 0.01,
            "count": 50
        },
        "BewakerAgent.Policy.Beta.sum": {
            "value": 0.04,
            "min": 0.04,
            "max": 0.05,
            "count": 50
        },
        "BewakerAgent.IsTraining.mean": {
            "value": 1.0,
            "min": 1.0,
            "max": 1.0,
            "count": 50
        },
        "BewakerAgent.IsTraining.sum": {
            "value": 1.0,
            "min": 1.0,
            "max": 1.0,
            "count": 50
        },
        "BewakerAgent.Environment.EpisodeLength.mean": {
            "value": 2999.0,
            "min": 2999.0,
            "max": 2999.0,
            "count": 41
        },
        "BewakerAgent.Environment.EpisodeLength.sum": {
            "value": 11996.0,
            "min": 11996.0,
            "max": 11996.0,
            "count": 41
        },
        "BewakerAgent.Environment.CumulativeReward.mean": {
            "value": 2.7362251188606024,
            "min": -11.595149952918291,
            "max": 4.189001128077507,
            "count": 49
        },
        "BewakerAgent.Environment.CumulativeReward.sum": {
            "value": 10.94490047544241,
            "min": -46.380599811673164,
            "max": 12.46130158752203,
            "count": 49
        },
        "BewakerAgent.Policy.ExtrinsicReward.mean": {
            "value": 2.7362251188606024,
            "min": -11.595149952918291,
            "max": 4.189001128077507,
            "count": 49
        },
        "BewakerAgent.Policy.ExtrinsicReward.sum": {
            "value": 10.94490047544241,
            "min": -46.380599811673164,
            "max": 12.46130158752203,
            "count": 49
        }
    },
    "metadata": {
        "timer_format_version": "0.1.0",
        "start_time_seconds": "1779040163",
        "python_version": "3.9.25 (main, Nov  3 2025, 22:44:01) [MSC v.1929 64 bit (AMD64)]",
        "command_line_arguments": "C:\\Users\\vande\\anaconda3\\envs\\mlagents2\\Scripts\\mlagents-learn config/BewakerAgent.yaml --run-id=Bewaker_Phase1_v6",
        "mlagents_version": "0.30.0",
        "mlagents_envs_version": "0.30.0",
        "communication_protocol_version": "1.5.0",
        "pytorch_version": "1.7.1+cpu",
        "numpy_version": "1.21.2",
        "end_time_seconds": "1779041616"
    },
    "total": 1453.3946017,
    "count": 1,
    "self": 0.013973500000020067,
    "children": {
        "run_training.setup": {
            "total": 0.10871059999999999,
            "count": 1,
            "self": 0.10871059999999999
        },
        "TrainerController.start_learning": {
            "total": 1453.2719176,
            "count": 1,
            "self": 2.98686120002435,
            "children": {
                "TrainerController._reset_env": {
                    "total": 28.7592352,
                    "count": 1,
                    "self": 28.7592352
                },
                "TrainerController.advance": {
                    "total": 1421.4608416999756,
                    "count": 125048,
                    "self": 2.8449240999530048,
                    "children": {
                        "env_step": {
                            "total": 1197.9783127000048,
                            "count": 125048,
                            "self": 1070.6692328999882,
                            "children": {
                                "SubprocessEnvManager._take_step": {
                                    "total": 125.44892600001066,
                                    "count": 125048,
                                    "self": 8.771642500019198,
                                    "children": {
                                        "TorchPolicy.evaluate": {
                                            "total": 116.67728349999146,
                                            "count": 125048,
                                            "self": 116.67728349999146
                                        }
                                    }
                                },
                                "workers": {
                                    "total": 1.8601538000059783,
                                    "count": 125048,
                                    "self": 0.0,
                                    "children": {
                                        "worker_root": {
                                            "total": 1420.2957889999634,
                                            "count": 125048,
                                            "is_parallel": true,
                                            "self": 490.6468015999011,
                                            "children": {
                                                "steps_from_proto": {
                                                    "total": 0.0034945999999997923,
                                                    "count": 1,
                                                    "is_parallel": true,
                                                    "self": 0.00022219999999606443,