{
    "name": "root",
    "gauges": {
        "BewakerAgent.Policy.Entropy.mean": {
            "value": 1.4031840562820435,
            "min": 1.4031840562820435,
            "max": 1.4414818286895752,
            "count": 13
        },
        "BewakerAgent.Policy.Entropy.sum": {
            "value": 14099.193359375,
            "min": 14033.2958984375,
            "max": 14426.4990234375,
            "count": 13
        },
        "BewakerAgent.Step.mean": {
            "value": 129972.0,
            "min": 9960.0,
            "max": 129972.0,
            "count": 13
        },
        "BewakerAgent.Step.sum": {
            "value": 129972.0,
            "min": 9960.0,
            "max": 129972.0,
            "count": 13
        },
        "BewakerAgent.Policy.ExtrinsicValueEstimate.mean": {
            "value": 0.0590408518910408,
            "min": -0.07001949846744537,
            "max": 0.31349068880081177,
            "count": 13
        },
        "BewakerAgent.Policy.ExtrinsicValueEstimate.sum": {
            "value": 9.269413948059082,
            "min": -10.993061065673828,
            "max": 48.90454864501953,
            "count": 13
        },
        "BewakerAgent.Losses.PolicyLoss.mean": {
            "value": 0.07101892684198295,
            "min": 0.06484515108459164,
            "max": 0.0767479351561633,
            "count": 13
        },
        "BewakerAgent.Losses.PolicyLoss.sum": {
            "value": 0.3550946342099148,
            "min": 0.2612395291240925,
            "max": 0.36515708628576254,
            "count": 13
        },
        "BewakerAgent.Losses.ValueLoss.mean": {
            "value": 0.01241044105105781,
            "min": 0.005106050951023159,
            "max": 0.01953650494639684,
            "count": 13
        },
        "BewakerAgent.Losses.ValueLoss.sum": {
            "value": 0.06205220525528905,
            "min": 0.020424203804092635,
            "max": 0.07864191590730721,
            "count": 13
        },
        "BewakerAgent.Policy.LearningRate.mean": {
            "value": 0.00022542722485760004,
            "min": 0.00022542722485760004,
            "max": 0.000296838001054,
            "count": 13
        },
        "BewakerAgent.Policy.LearningRate.sum": {
            "value": 0.0011271361242880002,
            "min": 0.0009244632918456,
            "max": 0.0014557536147488,
            "count": 13
        },
        "BewakerAgent.Policy.Epsilon.mean": {
            "value": 0.1751424,
            "min": 0.1751424,
            "max": 0.198946,
            "count": 13
        },
        "BewakerAgent.Policy.Epsilon.sum": {
            "value": 0.875712,
            "min": 0.7081544,
            "max": 0.9852512000000001,
            "count": 13
        },
        "BewakerAgent.Policy.Beta.mean": {
            "value": 0.01,
            "min": 0.01,
            "max": 0.01,
            "count": 13
        },
        "BewakerAgent.Policy.Beta.sum": {
            "value": 0.05,
            "min": 0.04,
            "max": 0.05,
            "count": 13
        },
        "BewakerAgent.Environment.EpisodeLength.mean": {
            "value": 2998.6666666666665,
            "min": 2998.5,
            "max": 2999.0,
            "count": 13
        },
        "BewakerAgent.Environment.EpisodeLength.sum": {
            "value": 8996.0,
            "min": 5997.0,
            "max": 11996.0,
            "count": 13
        },
        "BewakerAgent.Environment.CumulativeReward.mean": {
            "value": -0.08466751128435135,
            "min": -14.442534235616526,
            "max": 4.657265717784564,
            "count": 13
        },
        "BewakerAgent.Environment.CumulativeReward.sum": {
            "value": -0.25400253385305405,
            "min": -43.327602706849575,
            "max": 13.971797153353691,
            "count": 13
        },
        "BewakerAgent.Policy.ExtrinsicReward.mean": {
            "value": -0.08466751128435135,
            "min": -14.442534235616526,
            "max": 4.657265717784564,
            "count": 13
        },
        "BewakerAgent.Policy.ExtrinsicReward.sum": {
            "value": -0.25400253385305405,
            "min": -43.327602706849575,
            "max": 13.971797153353691,
            "count": 13
        },
        "BewakerAgent.IsTraining.mean": {
            "value": 1.0,
            "min": 1.0,
            "max": 1.0,
            "count": 13
        },
        "BewakerAgent.IsTraining.sum": {
            "value": 1.0,
            "min": 1.0,
            "max": 1.0,
            "count": 13
        }
    },
    "metadata": {
        "timer_format_version": "0.1.0",
        "start_time_seconds": "1779011003",
        "python_version": "3.9.25 (main, Nov  3 2025, 22:44:01) [MSC v.1929 64 bit (AMD64)]",
        "command_line_arguments": "C:\\Users\\vande\\anaconda3\\envs\\mlagents2\\Scripts\\mlagents-learn config/BewakerAgent.yaml --run-id=Bewaker_Phase1_v3",
        "mlagents_version": "0.30.0",
        "mlagents_envs_version": "0.30.0",
        "communication_protocol_version": "1.5.0",
        "pytorch_version": "1.7.1+cpu",
        "numpy_version": "1.21.2",
        "end_time_seconds": "1779012077"
    },
    "total": 1073.1522127,
    "count": 1,
    "self": 0.009888400000363617,
    "children": {
        "run_training.setup": {
            "total": 0.11645250000000007,
            "count": 1,
            "self": 0.11645250000000007
        },
        "TrainerController.start_learning": {
            "total": 1073.0258717999998,
            "count": 1,
            "self": 2.826985000014929,
            "children": {
                "TrainerController._reset_env": {
                    "total": 11.482065200000001,
                    "count": 1,
                    "self": 11.482065200000001
                },
                "TrainerController.advance": {
                    "total": 1058.5274743999848,
                    "count": 130446,
                    "self": 2.5950947999724576,
                    "children": {
                        "env_step": {
                            "total": 1004.3024741000183,
                            "count": 130446,
                            "self": 895.2374808999942,
                            "children": {
                                "SubprocessEnvManager._take_step": {
                                    "total": 107.32197290003,
                                    "count": 130450,
                                    "self": 7.890600400025363,
                                    "children": {
                                        "TorchPolicy.evaluate": {
                                            "total": 99.43137250000464,
                                            "count": 130450,
                                            "self": 99.43137250000464
                                        }
                                    }
                                },
                                "workers": {
                                    "total": 1.7430202999941322,
                                    "count": 130445,
                                    "self": 0.0,
                                    "children": {
                                        "worker_root": {
                                            "total": 892.1146148,
                                            "count": 130445,
                                            "is_parallel": true,
                                            "self": 281.48874729998704,
                                            "children": {
                                                "steps_from_proto": {
                                                    "total": 0.003044399999993175,
                                                    "count": 5,
                                                    "is_parallel": true,
                                                    "self": 0.0007137999999606848,