{
    "name": "root",
    "metadata": {
        "timer_format_version": "0.1.0",
        "start_time_seconds": "1778589671",
        "python_version": "3.9.25 (main, Nov  3 2025, 22:44:01) [MSC v.1929 64 bit (AMD64)]",
        "command_line_arguments": "C:\\Users\\vande\\anaconda3\\envs\\mlagents2\\Scripts\\mlagents-learn config/BewakerAgent.yaml --run-id=Bewaker_Phase1_v8",
        "mlagents_version": "0.30.0",
        "mlagents_envs_version": "0.30.0",
        "communication_protocol_version": "1.5.0",
        "pytorch_version": "1.7.1+cpu",
        "numpy_version": "1.21.2",
        "end_time_seconds": "1778589781"
    },
    "total": 109.5466225,
    "count": 1,
    "self": 0.008170899999996095,
    "children": {
        "run_training.setup": {
            "total": 0.12607809999999997,
            "count": 1,
            "self": 0.12607809999999997
        },
        "TrainerController.start_learning": {
            "total": 109.4123735,
            "count": 1,
            "self": 0.1358614999999901,
            "children": {
                "TrainerController._reset_env": {
                    "total": 8.9232908,
                    "count": 1,
                    "self": 8.9232908
                },
                "TrainerController.advance": {
                    "total": 100.1962664,
                    "count": 3367,
                    "self": 0.12823470000016357,
                    "children": {
                        "env_step": {
                            "total": 97.77410629999974,
                            "count": 3367,
                            "self": 90.92693549999984,
                            "children": {
                                "SubprocessEnvManager._take_step": {
                                    "total": 6.765641899999949,
                                    "count": 3367,
                                    "self": 0.4521064999998323,
                                    "children": {
                                        "TorchPolicy.evaluate": {
                                            "total": 6.3135354000001165,
                                            "count": 3367,
                                            "self": 6.3135354000001165
                                        }
                                    }
                                },
                                "workers": {
                                    "total": 0.08152889999995594,
                                    "count": 3366,
                                    "self": 0.0,
                                    "children": {
                                        "worker_root": {
                                            "total": 37.8483448999998,
                                            "count": 3366,
                                            "is_parallel": true,
                                            "self": 15.146494499999882,
                                            "children": {
                                                "steps_from_proto": {
                                                    "total": 0.0006235000000014423,
                                                    "count": 1,
                                                    "is_parallel": true,
                                                    "self": 0.00032660000000106493,
                                                    "children": {
                                                        "_process_rank_one_or_two_observation": {
                                                            "total": 0.0002969000000003774,
                                                            "count": 4,
                                                            "is_parallel": true,
                                                            "self": 0.0002969000000003774
                                                        }
                                                    }
                                                },
                                                "UnityEnvironment.step": {
                                                    "total": 22.70122689999992,
                                                    "count": 3366,
                                                    "is_parallel": true,
                                                    "self": 0.4670748000001126,
                                                    "children": {
                                                        "UnityEnvironment._generate_step_input": {
                                                            "total": 0.42813889999974464,
                                                            "count": 3366,
                                                            "is_parallel": true,
                                                            "self": 0.42813889999974464
                                                        },
                                                        "communicator.exchange": {
                                                            "total": 20.4423259,
                                                            "count": 3366,
                                                            "is_parallel": true,
                                                            "self": 20.4423259
                                                        },
                                                        "steps_from_proto": {
                                                            "total": 1.3636873000000627,
                                                            "count": 3366,
                                                            "is_parallel": true,
                                                            "self": 0.5545680999999476,
                                                            "children": {
                                                                "_process_rank_one_or_two_observation": {
                                                                    "total": 0.8091192000001151,
                                                                    "count": 13464,
                                                                    "is_parallel": true,
                                                                    "self": 0.8091192000001151
                                                                }
                                                            }
                                                        }
                                                    }
                                                }
                                            }
                                        }
                                    }
                                }
                            }
                        },
                        "trainer_advance": {
                            "total": 2.293925400000095,
                            "count": 3366,
                            "self": 0.14770290000032915,
                            "children": {
                                "process_trajectory": {
                                    "total": 0.5874860999997651,
                                    "count": 3366,
                                    "self": 0.5874860999997651
                                },
                                "_update_policy": {
                                    "total": 1.5587364000000008,
                                    "count": 1,
                                    "self": 0.7124947999999947,
                                    "children": {
                                        "TorchPPOOptimizer.update": {
                                            "total": 0.8462416000000061,
                                            "count": 48,