{
    "name": "root",
    "metadata": {
        "timer_format_version": "0.1.0",
        "start_time_seconds": "1778589870",
        "python_version": "3.9.25 (main, Nov  3 2025, 22:44:01) [MSC v.1929 64 bit (AMD64)]",
        "command_line_arguments": "C:\\Users\\vande\\anaconda3\\envs\\mlagents2\\Scripts\\mlagents-learn config/BewakerAgent.yaml --run-id=Bewaker_Phase1_v9",
        "mlagents_version": "0.30.0",
        "mlagents_envs_version": "0.30.0",
        "communication_protocol_version": "1.5.0",
        "pytorch_version": "1.7.1+cpu",
        "numpy_version": "1.21.2",
        "end_time_seconds": "1778590114"
    },
    "total": 244.11424359999998,
    "count": 1,
    "self": 0.008977499999957672,
    "children": {
        "run_training.setup": {
            "total": 0.24737790000000004,
            "count": 1,
            "self": 0.24737790000000004
        },
        "TrainerController.start_learning": {
            "total": 243.85788820000002,
            "count": 1,
            "self": 0.3393471999991675,
            "children": {
                "TrainerController._reset_env": {
                    "total": 13.2274739,
                    "count": 1,
                    "self": 13.2274739
                },
                "TrainerController.advance": {
                    "total": 230.13487110000082,
                    "count": 7954,
                    "self": 0.3123366000030501,
                    "children": {
                        "env_step": {
                            "total": 223.113349399999,
                            "count": 7954,
                            "self": 205.83646609999798,
                            "children": {
                                "SubprocessEnvManager._take_step": {
                                    "total": 17.066835600000143,
                                    "count": 7955,
                                    "self": 1.067527299999231,
                                    "children": {
                                        "TorchPolicy.evaluate": {
                                            "total": 15.999308300000912,
                                            "count": 7955,
                                            "self": 15.999308300000912
                                        }
                                    }
                                },
                                "workers": {
                                    "total": 0.21004770000088513,
                                    "count": 7953,
                                    "self": 0.0,
                                    "children": {
                                        "worker_root": {
                                            "total": 112.38530110000053,
                                            "count": 7953,
                                            "is_parallel": true,
                                            "self": 38.668107000000916,
                                            "children": {
                                                "steps_from_proto": {
                                                    "total": 0.0009176999999969127,
                                                    "count": 2,
                                                    "is_parallel": true,
                                                    "self": 0.00029699999998733517,
                                                    "children": {
                                                        "_process_rank_one_or_two_observation": {
                                                            "total": 0.0006207000000095775,
                                                            "count": 8,
                                                            "is_parallel": true,
                                                            "self": 0.0006207000000095775
                                                        }
                                                    }
                                                },
                                                "UnityEnvironment.step": {
                                                    "total": 73.71627639999961,
                                                    "count": 7953,
                                                    "is_parallel": true,
                                                    "self": 1.156913200000517,
                                                    "children": {
                                                        "UnityEnvironment._generate_step_input": {
                                                            "total": 1.0329409999996315,
                                                            "count": 7953,
                                                            "is_parallel": true,
                                                            "self": 1.0329409999996315
                                                        },
                                                        "communicator.exchange": {
                                                            "total": 68.14845969999944,
                                                            "count": 7953,
                                                            "is_parallel": true,
                                                            "self": 68.14845969999944
                                                        },
                                                        "steps_from_proto": {
                                                            "total": 3.3779625000000166,
                                                            "count": 7953,
                                                            "is_parallel": true,
                                                            "self": 1.357524000000291,
                                                            "children": {
                                                                "_process_rank_one_or_two_observation": {
                                                                    "total": 2.0204384999997256,
                                                                    "count": 31812,
                                                                    "is_parallel": true,
                                                                    "self": 2.0204384999997256
                                                                }
                                                            }
                                                        }
                                                    }
                                                }
                                            }
                                        }
                                    }
                                }
                            }
                        },
                        "trainer_advance": {
                            "total": 6.709185099998752,
                            "count": 7953,
                            "self": 0.3793138999987704,
                            "children": {
                                "process_trajectory": {
                                    "total": 1.5000512999999778,
                                    "count": 7953,
                                    "self": 1.5000512999999778
                                },
                                "_update_policy": {
                                    "total": 4.829819900000004,
                                    "count": 3,
                                    "self": 2.199647099999936,
                                    "children": {
                                        "TorchPPOOptimizer.update": {
                                            "total": 2.630172800000068,
                                            "count": 144,